,zip5,pop,race_white,race_black,race_indian,race_asian,race_pac_is,race_other,race_multi,hisp,move_outside,move_within,trans_car,trans_transit,trans_taxi,trans_motobike,trans_bike,trans_walk,trans_other,trans_home,jtw_0to14,jtw_15to29,jtw_30to44,jtw_45to59,jtw_60p,kids,ed_hs,ed_somecollege,ed_grad,poverty,inc_median,inc_pub_asst,gini_index,snap,labor_unemp,labor_notinforce,occp_mgmt,occp_bizfin,occp_compmath,occp_archeng,occp_sci,occp_comm_socialserv,occp_legal,occp_educlib,occp_artmedia,occp_healthprac,occp_healthtech,occp_healthsupp,occp_fireprev,occp_lawenf,occp_food,occp_bldgmain,occp_pers_care,occp_sales,occp_officesupp,occp_farmfish,occp_constr_extrac,occp_mainrepair,occp_prod,occp_trans,occp_move,housing_owned,rent_median,marital_yes15to17,marital_yes18and19,marital_yes20to24,marital_yes25to29,marital_yes30to34,marital_yes35to39,marital_yes40to44,marital_yes45to49,marital_yes50to54,marital_yes55to59,marital_yes60to64,marital_yes65to74,marital_yes75to84,marital_yes85p
0,601,18450,0.946178861789,0.00780487804878,0.000216802168022,0.0,0.0,0.0420054200542,0.00758807588076,0.994579945799,0.0,0.0,0.90861618799,0.00166152385474,0.0,0.0,0.0,0.0780916211726,0.0,0.0116306669831,0.290585975024,0.233909702209,0.26032660903,0.0984630163305,0.116714697406,0.395221843003,0.244553876972,0.108672064101,174.004840998,0.779885214539,12041.0,0.114186851211,0.5878,0.501038062284,0.256932256932,0.60540166205,0.0994331601323,0.0141709966934,0.0,0.00448748228625,0.00472366556448,0.0283419933869,0.00708549834672,0.0909305621162,0.0099196976854,0.0441662730279,0.00897496457251,0.013698630137,0.0344827586207,0.038025507794,0.0547945205479,0.0354274917336,0.0120453471894,0.0873878129428,0.119981105338,0.0240906943788,0.0824279641001,0.0439300897496,0.0890410958904,0.0451110061408,0.00732168162494,0.623356401384,381,0.0,0.000541858574912,0.00995665131401,0.028379842861,0.0387428881062,0.0308182064481,0.0499187212138,0.0514765646166,0.0536439989163,0.0386074234625,0.0490382010295,0.0682741804389,0.0291926307234,0.00568951503658
